196,PID_IZCA
3172,PID_CEPHERAN
5380,PID_HETZEL
7108,PID_LEKAIN
7972,PID_RUBALE
26788,PID_PUGO
26884,PID_ISAIYA
26980,PID_ZAITAN
27076,PID_BONARD
27364,PID_WAZECACA
27460,PID_LABERTHON
27556,PID_DZUR
27652,PID_RADMIM
27748,PID_JELD
27844,PID_ZEFFREN
27940,PID_YEARDLEY
28036,PID_MARJO
28132,PID_TASHJORIA
28228,PID_RUDBECK
28324,PID_SIDIAU
28420,PID_ROMMITANA
28516,PID_ITOTS
28612,PID_BEJONA
28708,PID_KAZISA
28804,PID_LOMBROSO
28900,PID_KEZDHA
28996,PID_NOSE
29092,PID_RAO
29188,PID_SERGEI
29284,PID_GORAN
29380,PID_YUMA
29476,PID_CAHITALENO
29572,PID_VALTELOME
29668,PID_NUMIDA
27172,PID_HELL
27268,PID_DEATH
