PID_IKE,48
PID_IZCA,144
PID_ENA,240
PID_ELAICE,336
PID_WUHALADA,432
PID_VULCI,528
PID_EDDIE,624
PID_ERINCIA,720
PID_ERLAN,816
PID_OSCAR,912
PID_OLIVER,1008
PID_OLUGH,1104
PID_CAINEGHIS,1200
PID_GATRIE,1296
PID_CALILL,1392
PID_KISA,1488
PID_KILROY,1584
PID_KURTHNAGA,1680
PID_KEVIN,1776
PID_GORT,1872
PID_SOTHE,1968
PID_SANAKI,2064
PID_SIGRUN,2160
PID_DARKKNIGHT_0,2256
PID_DARKKNIGHT,2352
PID_CHINON,2448
PID_GIFFCA,2544
PID_GEOFFRAY,2640
PID_JILL,2736
PID_SKRIMIR,2832
PID_STELLA,2928
PID_SENERIO,3024
PID_CEPHERAN,3120
PID_ZELGIUS,3216
PID_SOANEVALCKE,3312
PID_TAURONEO,3408
PID_TANIS,3504
PID_CHAP,3600
PID_ZIHARK,3696
PID_TIAMAT,3792
PID_TIBARN,3888
PID_DHEGINHANSEA,3984
PID_TOPUCK,4080
PID_NASIR,4176
PID_NEALUCHI,4272
PID_NIKE,4368
PID_NAESALA,4464
PID_NEPHENEE,4560
PID_NOYCE,4656
PID_HAAR,4752
PID_VIZE,4848
PID_VOLKE,4944
PID_BRAD,5040
PID_FRIEDA,5136
PID_HEATHER,5232
PID_HETZEL,5328
PID_PELLEAS,5424
PID_BOLE,5520
PID_MARCIA,5616
PID_MAKAROV,5712
PID_MICAIAH,5808
PID_MIST,5904
PID_MWARIM,6000
PID_MEG,6096
PID_MORDY,6192
PID_JANAFF,6288
PID_ULYSSES,6384
PID_LOFA,6480
PID_LAY,6576
PID_RAFIEL,6672
PID_LEARNE,6768
PID_LIRE,6864
PID_RIEUSION,6960
PID_LEKAIN,7056
PID_LUCHINO,7152
PID_LEONARDO,7248
PID_RETHE,7344
PID_LENING,7440
PID_LAURA,7536
PID_WAYU,7632
PID_KURTH,7728
PID_LARABEL,7824
PID_RUBALE,7920
PID_GOON,8016
PID_GOON_THIEF,8112
PID_GOON_ROGUE,8208
PID_GOON_TIGER,8304
PID_GOON_CAT,8400
PID_BEGNIONSOLDIER,8496
PID_BEGNIONARCHER,8592
PID_BEGNIONSARMOR,8688
PID_BEGNIONLARMOR,8784
PID_BEGNIONAARMOR,8880
PID_BEGNIONSKNIGHT,8976
PID_BEGNIONLKNIGHT,9072
PID_BEGNIONAKNIGHT,9168
PID_BEGNIONBKNIGHT,9264
PID_BEGNIONPKNIGHT,9360
PID_BEGNIONDKNIGHT,9456
PID_BEGNIONFMAGE,9552
PID_BEGNIONTMAGE,9648
PID_BEGNIONWMAGE,9744
PID_BEGNIONFIGHTER,9840
PID_BEGNIONBLADE,9936
PID_BEGNIONPRIEST,10032
PID_BEGNIONSOLDIER2,10128
PID_BEGNIONARCHER2,10224
PID_BEGNIONSARMOR2,10320
PID_BEGNIONLARMOR2,10416
PID_BEGNIONAARMOR2,10512
PID_BEGNIONSKNIGHT2,10608
PID_BEGNIONLKNIGHT2,10704
PID_BEGNIONAKNIGHT2,10800
PID_BEGNIONBKNIGHT2,10896
PID_BEGNIONPKNIGHT2,10992
PID_BEGNIONDKNIGHT2,11088
PID_BEGNIONFMAGE2,11184
PID_BEGNIONTMAGE2,11280
PID_BEGNIONWMAGE2,11376
PID_BOYNICO,11472
PID_BEGNIONBLADE2,11568
PID_BEGNIONFIGHTER2,11664
PID_BEGNIONPRIEST2,11760
PID_BEGNIONSOLDIER_M,11856
PID_CLUPEASOLDIER2,11952
PID_CLUPEAARCHER2,12048
PID_CLUPEASARMOR2,12144
PID_CLUPEALARMOR2,12240
PID_CLUPEAAARMOR2,12336
PID_CLUPEASKNIGHT2,12432
PID_CLUPEALKNIGHT2,12528
PID_CLUPEAAKNIGHT2,12624
PID_CLUPEABKNIGHT2,12720
PID_CLUPEADKNIGHT2,12816
PID_CLUPEABLADE2,12912
PID_CLUPEAFIGHTER2,13008
PID_CLUPEAPRIEST2,13104
PID_DAYNESOLDIER,13200
PID_DAYNEARCHER,13296
PID_DAYNESARMOR,13392
PID_DAYNELARMOR,13488
PID_DAYNEAARMOR,13584
PID_DAYNESKNIGHT,13680
PID_DAYNELKNIGHT,13776
PID_DAYNEAKNIGHT,13872
PID_DAYNEBKNIGHT,13968
PID_DAYNEDKNIGHT,14064
PID_DAYNEFMAGE,14160
PID_DAYNETMAGE,14256
PID_DAYNEWMAGE,14352
PID_DAYNEBLADE,14448
PID_DAYNEFIGHTER,14544
PID_DAYNEPRIEST,14640
PID_DAYNESOLDIER2,14736
PID_DAYNEARCHER2,14832
PID_DAYNESARMOR2,14928
PID_DAYNELARMOR2,15024
PID_DAYNEAARMOR2,15120
PID_DAYNESKNIGHT2,15216
PID_DAYNELKNIGHT2,15312
PID_DAYNEAKNIGHT2,15408
PID_DAYNEBKNIGHT2,15504
PID_DAYNEDKNIGHT2,15600
PID_DAYNEFMAGE2,15696
PID_DAYNETMAGE2,15792
PID_DAYNEWMAGE2,15888
PID_DAYNEDRUID,15984
PID_DAYNEBLADE2,16080
PID_DAYNEFIGHTER2,16176
PID_DAYNEPRIEST2,16272
PID_CRIMEASOLDIER,16368
PID_CRIMEAARCHER,16464
PID_CRIMEASARMOR,16560
PID_CRIMEALARMOR,16656
PID_CRIMEAAARMOR,16752
PID_CRIMEASKNIGHT,16848
PID_CRIMEALKNIGHT,16944
PID_CRIMEAAKNIGHT,17040
PID_CRIMEABKNIGHT,17136
PID_CRIMEAFMAGE,17232
PID_CRIMEATMAGE,17328
PID_CRIMEAWMAGE,17424
PID_CRIMEABLADE,17520
PID_CRIMEAFIGHTER,17616
PID_CRIMEAPRIEST,17712
PID_CRIMEASOLDIER2,17808
PID_CRIMEAARCHER2,17904
PID_CRIMEASARMOR2,18000
PID_CRIMEALARMOR2,18096
PID_CRIMEAAARMOR2,18192
PID_CRIMEASKNIGHT2,18288
PID_CRIMEALKNIGHT2,18384
PID_CRIMEAAKNIGHT2,18480
PID_CRIMEABKNIGHT2,18576
PID_CRIMEAFMAGE2,18672
PID_CRIMEATMAGE2,18768
PID_CRIMEAWMAGE2,18864
PID_CRIMEADRUID,18960
PID_CRIMEABLADE2,19056
PID_CRIMEAFIGHTER,19152
PID_CRIMEAPRIEST2,19248
PID_REBELLIONSOLDIER,19344
PID_REBELLIONARCHER,19440
PID_REBELLIONSARMOR,19536
PID_REBELLIONLARMOR,19632
PID_REBELLIONAARMOR,19728
PID_REBELLIONSKNIGHT,19824
PID_REBELLIONLKNIGHT,19920
PID_REBELLIONAKNIGHT,20016
PID_REBELLIONBKNIGHT,20112
PID_REBELLIONFMAGE,20208
PID_REBELLIONTMAGE,20304
PID_REBELLIONWMAGE,20400
PID_REBELLIONSOLDIER3,20496
PID_REBELLIONARCHER3,20592
PID_REBELLIONBLADE,20688
PID_REBELLIONFIGHTER,20784
PID_REBELLIONSARMOR3,20880
PID_REBELLIONLARMOR3,20976
PID_REBELLIONAARMOR3,21072
PID_REBELLIONSKNIGHT3,21168
PID_REBELLIONLKNIGHT3,21264
PID_REBELLIONAKNIGHT3,21360
PID_REBELLIONPRIEST,21456
PID_REBELLIONSOLDIER2,21552
PID_REBELLIONARCHER2,21648
PID_REBELLIONSARMOR2,21744
PID_REBELLIONLARMOR2,21840
PID_REBELLIONAARMOR2,21936
PID_REBELLIONSKNIGHT2,22032
PID_REBELLIONLKNIGHT2,22128
PID_REBELLIONAKNIGHT2,22224
PID_REBELLIONBKNIGHT2,22320
PID_REBELLIONFMAGE2,22416
PID_REBELLIONTMAGE2,22512
PID_REBELLIONWMAGE2,22608
PID_REBELLIONDRUID,22704
PID_REBELLIONSOLDIER4,22800
PID_REBELLIONARCHER4,22896
PID_REBELLIONBLADE2,22992
PID_REBELLIONFIGHTER2,23088
PID_REBELLIONPRIEST2,23184
PID_REBELLIONBLADE2,23280
PID_REBELLIONFIGHTER2_B,23376
PID_APOSTLESOLDIER,23472
PID_APOSTLEARCHER,23568
PID_APOSTLESARMOR,23664
PID_APOSTLELARMOR,23760
PID_APOSTLEAARMOR,23856
PID_APOSTLESKNIGHT,23952
PID_APOSTLELKNIGHT,24048
PID_APOSTLEAKNIGHT,24144
PID_APOSTLEBKNIGHT,24240
PID_APOSTLEPKNIGHT,24336
PID_APOSTLEDKNIGHT,24432
PID_APOSTLEFMAGE,24528
PID_APOSTLETMAGE,24624
PID_APOSTLEWMAGE,24720
PID_APOSTLEDRUID,24816
PID_APOSTLEBLADE,24912
PID_APOSTLEFIGHTER,25008
PID_APOSTLEPRIEST,25104
PID_FIRESPIRIT,25200
PID_THUNDERSPIRIT,25296
PID_WINDSPIRIT,25392
PID_ASTARTE_AURA,25488
PID_ASTARTE,25584
PID_GALIA_TIGER,25680
PID_GALIA_CAT,25776
PID_PHOENICIS,25872
PID_KILVAS,25968
PID_GOLDOA_RED,26064
PID_GOLDOA_WHITE,26160
PID_DUD_TIGER,26256
PID_DUD_CAT,26352
PID_DUD_HAWK,26448
PID_DUD_CROW,26544
PID_DUD_RED,26640
PID_PUGO,26736
PID_ISAIYA,26832
PID_ZAITAN,26928
PID_BONARD,27024
PID_HELL,27120
PID_DEATH,27216
PID_WAZECACA,27312
PID_LABERTHON,27408
PID_DZUR,27504
PID_RADMIM,27600
PID_JELD,27696
PID_ZEFFREN,27792
PID_YEARDLEY,27888
PID_MARJO,27984
PID_TASHJORIA,28080
PID_RUDBECK,28176
PID_SIDIAU,28272
PID_ROMMITANA,28368
PID_ITOTS,28464
PID_BEJONA,28560
PID_KAZISA,28656
PID_LOMBROSO,28752
PID_KEZDHA,28848
PID_NOSE,28944
PID_RAO,29040
PID_SERGEI,29136
PID_GORAN,29232
PID_YUMA,29328
PID_CAHITALENO,29424
PID_VALTELOME,29520
PID_NUMIDA,29616
PID_MARADSKNIGHT,29712
PID_MARADLKNIGHT,29808
PID_MARADAKNIGHT,29904
PID_MARADBKNIGHT,30000
PID_1_MAP8_AARMOR,30096
PID_1_MAP7_GRANDPA,30192
PID_1_MAP7_GRANDMA,30288
PID_1_MAP7_BOY,30384
PID_1_MAP7_GIRL,30480
PID_SENATOR,30576
PID_BEGNIONSOLDIER_FIRE,30672
PID_MAP8_PRISONER,30768
PID_MAP9_PRISONER,30864
PID_2_MAP2_GUARD,30960